id,name,model_id:id,group_id:id,perm_read,perm_write,perm_create,perm_unlink
access_hr_employee,access_hr_employee,model_hr_employee,,1,0,0,0
access_certified_concept,access_certified_concept,model_hr_certified_concept,,1,0,0,0
access_income_withholding_report,access.income.withholding.report,model_income_withholding_report,base.group_user,1,1,1,0
access_hr_employee_functions,access_hr_employee_functions,model_hr_employee_functions,,1,1,1,1
access_hr_employee_program_user,hr.employee.program.user,model_hr_employee_program,hr.group_hr_user,1,1,1,1
access_hr_employee_program_emp,hr.employee.program.employee,model_hr_employee_program,base.group_user,1,0,0,0
access_mail_activity_type_portal,access_mail_activity_type_portal,model_mail_activity_type,base.group_portal,1,1,0,0
access_calendar_attendee_portal,access_calendar_attendee_portal,model_calendar_attendee,base.group_portal,1,1,1,0
access_calendar_event_portal,access_calendar_event_portal,model_calendar_event,base.group_portal,1,1,1,0
access_mail_activity_portal,access_mail_activity_portal,model_mail_activity,base.group_portal,1,1,1,0