id,code,name,type,is_print
certified_concept_0,0,No Aplica,1,False
certified_concept_1,37,Pagos por salarios o emolumentos eclesiasticos,1,True
certified_concept_2,38,Pagos por honorarios,1,True
certified_concept_3,39,Pagos por servicios,1,True
certified_concept_4,40,Pagos por comisiones,1,True
certified_concept_5,41,Pagos por prestaciones sociales,1,True
certified_concept_6,42,Pagos por viáticos,1,True
certified_concept_7,43,Pagos por gastos de representación,1,True
certified_concept_8,44,Pagos por compensaciones por el trabajo asociado cooperativo,1,True
certified_concept_9,45,Otros pagos,1,True
certified_concept_10,46,"Cesantias e intereses de cesantías efectivamente pagadas, consignadas o reconocidas en el periodo",1,True
certified_concept_11,47,Pensiones de jubilacíon. vejez o invalidez,1,True
certified_concept_12,49,Aportes obligatorios por salud,2,True
certified_concept_13,50,Aportes obligatorios a fondos de pensiones y solidaridad pensional y Aportes voluntarios al - RASIS,2,True
certified_concept_14,51,Aportes voluntarios a fondos de pensiones voluntarias,2,True
certified_concept_15,52,Aportes a cuentas AFC,2,True
certified_concept_16,53,Valor de la retención en la fuente por rentas de trabajo y pensiones,2,True